﻿{"cameraMode":{"drawMode":0,"name":"Shaded","section":"Shading Mode"},"sceneLighting":true,"audioPlay":false,"sceneViewState":{"showFog":false,"showMaterialUpdate":false,"showSkybox":false,"showFlares":false,"showImageEffects":false,"showParticleSystems":true},"in2DMode":false,"pivot":{"x":0.28682392835617068,"y":1.1372319459915162,"z":-9.350578308105469},"rotation":{"x":-0.08240673691034317,"y":0.0032844096422195436,"z":-0.0002723490761127323,"w":-0.9965933561325073},"size":6.098052024841309,"orthographic":false}