﻿{"cameraMode":{"drawMode":0,"name":"Shaded","section":"Shading Mode"},"sceneLighting":true,"audioPlay":false,"sceneViewState":{"showFog":false,"showMaterialUpdate":false,"showSkybox":false,"showFlares":false,"showImageEffects":false,"showParticleSystems":true},"in2DMode":false,"pivot":{"x":-1.1420483589172364,"y":0.6094284057617188,"z":1.0738747119903565},"rotation":{"x":-0.10123393684625626,"y":0.8520438075065613,"z":-0.1792117953300476,"w":-0.4813068211078644},"size":9.823012351989746,"orthographic":false}